{
  "phase": 54,
  "title": "High-power multi-hop evaluation (10k queries)",
  "max_queries": 10000,
  "seeds": [
    42,
    123,
    456
  ],
  "epochs": 500,
  "conditions": {
    "K_anneal_fast": {
      "seeds": [
        42,
        123,
        456
      ],
      "per_seed": [
        {
          "seed": 42,
          "best_val_mrr": 0.5032764828868495,
          "lp_mrr": 0.4888377800934501,
          "lp_h10": 0.8045267489711934,
          "hop_mrrs": {
            "1p": 0.2617546603964284,
            "2p": 0.25139892570760136,
            "3p": 0.2621696205740778,
            "4p": 0.32656527295012194,
            "5p": 0.3406372278148251
          },
          "hop_counts": {
            "1p": 486,
            "2p": 5382,
            "3p": 10000,
            "4p": 10000,
            "5p": 10000
          },
          "dead_heads": 8,
          "total_heads": 24
        },
        {
          "seed": 123,
          "best_val_mrr": 0.5178260866369984,
          "lp_mrr": 0.477375077234929,
          "lp_h10": 0.7911522633744856,
          "hop_mrrs": {
            "1p": 0.2712021317073769,
            "2p": 0.25732238001421637,
            "3p": 0.25719582998922075,
            "4p": 0.317044986819303,
            "5p": 0.31046074454676803
          },
          "hop_counts": {
            "1p": 486,
            "2p": 5382,
            "3p": 10000,
            "4p": 10000,
            "5p": 10000
          },
          "dead_heads": 9,
          "total_heads": 24
        },
        {
          "seed": 456,
          "best_val_mrr": 0.5209139420970673,
          "lp_mrr": 0.48737787039535674,
          "lp_h10": 0.8096707818930041,
          "hop_mrrs": {
            "1p": 0.2905838247163852,
            "2p": 0.26081111828897874,
            "3p": 0.26485791292916944,
            "4p": 0.3128702489645111,
            "5p": 0.31716897326380344
          },
          "hop_counts": {
            "1p": 486,
            "2p": 5382,
            "3p": 10000,
            "4p": 10000,
            "5p": 10000
          },
          "dead_heads": 8,
          "total_heads": 24
        }
      ],
      "summary": {
        "lp_mrr": {
          "mean": 0.48453024257457855,
          "std": 0.005094449748496824
        },
        "lp_h10": {
          "mean": 0.8017832647462276,
          "std": 0.007805080025199597
        },
        "1p_mrr": {
          "mean": 0.27451353894006353,
          "std": 0.01200011783948487
        },
        "2p_mrr": {
          "mean": 0.2565108080035988,
          "std": 0.0038851279810363333
        },
        "3p_mrr": {
          "mean": 0.2614077878308227,
          "std": 0.0031740794561767463
        },
        "4p_mrr": {
          "mean": 0.3188268362446453,
          "std": 0.005731181438560973
        },
        "5p_mrr": {
          "mean": 0.32275564854179883,
          "std": 0.012937368127589567
        }
      }
    },
    "N_static_2.6": {
      "seeds": [
        42,
        123,
        456
      ],
      "per_seed": [
        {
          "seed": 42,
          "best_val_mrr": 0.4888168074600981,
          "lp_mrr": 0.4761558757356762,
          "lp_h10": 0.7921810699588477,
          "hop_mrrs": {
            "1p": 0.25731103590118914,
            "2p": 0.24032316872831147,
            "3p": 0.2545430029540989,
            "4p": 0.3117896661114178,
            "5p": 0.3296841120619208
          },
          "hop_counts": {
            "1p": 486,
            "2p": 5382,
            "3p": 10000,
            "4p": 10000,
            "5p": 10000
          },
          "dead_heads": 8,
          "total_heads": 24
        },
        {
          "seed": 123,
          "best_val_mrr": 0.5098384213349719,
          "lp_mrr": 0.48599611235139795,
          "lp_h10": 0.7849794238683128,
          "hop_mrrs": {
            "1p": 0.2885059488293393,
            "2p": 0.24713251526343405,
            "3p": 0.24562979026436652,
            "4p": 0.2852509601850302,
            "5p": 0.28897659340196447
          },
          "hop_counts": {
            "1p": 486,
            "2p": 5382,
            "3p": 10000,
            "4p": 10000,
            "5p": 10000
          },
          "dead_heads": 9,
          "total_heads": 24
        },
        {
          "seed": 456,
          "best_val_mrr": 0.5150368304695804,
          "lp_mrr": 0.4972050536093837,
          "lp_h10": 0.8220164609053497,
          "hop_mrrs": {
            "1p": 0.29837259639295644,
            "2p": 0.2606203809950596,
            "3p": 0.26784854726166113,
            "4p": 0.310729038738353,
            "5p": 0.32001511300531515
          },
          "hop_counts": {
            "1p": 486,
            "2p": 5382,
            "3p": 10000,
            "4p": 10000,
            "5p": 10000
          },
          "dead_heads": 8,
          "total_heads": 24
        }
      ],
      "summary": {
        "lp_mrr": {
          "mean": 0.48645234723215264,
          "std": 0.008599344354447709
        },
        "lp_h10": {
          "mean": 0.7997256515775035,
          "std": 0.016033840504198822
        },
        "1p_mrr": {
          "mean": 0.28139652704116164,
          "std": 0.017500873237764024
        },
        "2p_mrr": {
          "mean": 0.24935868832893504,
          "std": 0.008434496283656737
        },
        "3p_mrr": {
          "mean": 0.2560071134933755,
          "std": 0.009129658824571805
        },
        "4p_mrr": {
          "mean": 0.30258988834493367,
          "std": 0.012268117348282453
        },
        "5p_mrr": {
          "mean": 0.3128919394897335,
          "std": 0.01736529526694908
        }
      }
    }
  }
}